,q,I,sigma
11,0.00783013897,0.15474528149999922,0.045992666550000005
12,0.008541969790000001,0.16226060900000006,0.03213997769999999
13,0.0092538006,0.17605355450000015,0.02430021594999998
14,0.009965631420000001,0.1793932827000001,0.02441743344999997
15,0.010677462199999994,0.16815917764999977,0.01953969178500002
16,0.011389293100000001,0.1668821425,0.01922927203999998
17,0.012101123900000003,0.16639565349999996,0.018008837220000018
18,0.012812954699999995,0.16201651709999992,0.017668437749999995
19,0.0135247855,0.15782525869999992,0.017788278214999988
20,0.014236616300000001,0.15297381630000007,0.016345070420000017
21,0.014948447100000001,0.14654826625,0.015796918279999995
22,0.015660277900000002,0.1371893119,0.014248950805
23,0.016372108800000004,0.12456248419999996,0.012794287195000014
24,0.017083939599999994,0.11285980870000001,0.011922889519999993
25,0.0177957704,0.09888562554999994,0.00964686009
26,0.0185076012,0.08504294644999993,0.008503890225000001
27,0.019219431999999995,0.07091319420000002,0.006900643310000006
28,0.01993126280000001,0.05834828844999998,0.00570314823
29,0.0206430937,0.047268094299999994,0.004488276327999998
30,0.021354924499999997,0.039356672494999995,0.0036146273080000027
31,0.022066755300000004,0.03399762576,0.0031539531659999995
32,0.022778586099999998,0.030810367819999976,0.002805452747500003
33,0.02349041689999999,0.02805101235000003,0.002566065151999997
34,0.024202247700000006,0.025477649724999996,0.0023020070555000004
35,0.024914078499999995,0.02389096004999998,0.0020544173494999977
36,0.02562590939999999,0.023682387589999992,0.002105772467
37,0.026337740200000008,0.022324951684999997,0.0019121403359999992
38,0.027049571,0.02198532306999998,0.0018851995655000016
39,0.02776140179999999,0.021994956999999996,0.001785375633999998
40,0.028473232600000002,0.022217888785000008,0.0017152541154999987
41,0.0291850634,0.022042313624999962,0.0017042120529999986
42,0.029896894299999987,0.021701562395,0.0016031192415000015
43,0.030608725100000005,0.021302501269999996,0.0015571466769999992
44,0.031320555900000005,0.020863648739999963,0.0014980444949999998
45,0.032032386699999985,0.020118808625000012,0.001394303323
46,0.0327442175,0.019553226944999988,0.0013606669465000007
47,0.0334560483,0.018397527209999986,0.0012658510779999998
48,0.03416787919999999,0.017355443585000005,0.001225607896
49,0.03487971,0.01636874422500001,0.001152809916499999
50,0.0355915408,0.015039377175,0.001037954468000001
51,0.036303371599999995,0.013762321424999988,0.0009720489000000004
52,0.0370152024,0.012031802714999984,0.000812103925
53,0.0377270332,0.010993863815000005,0.0007573015459999997
54,0.03843886399999999,0.010060317990000005,0.0006810252420000012
55,0.039150694900000005,0.009252850809999998,0.0006104492539999993
56,0.039862525700000005,0.008216513010000003,0.000554063141999999
57,0.04057435649999999,0.007648625954999995,0.00047563888349999974
58,0.0412861873,0.006887555684999998,0.00043175592250000025
59,0.041998018100000006,0.006691155370000007,0.00040363290599999997
60,0.042709848899999986,0.005854109430000011,0.00034346811750000017
61,0.0434216798,0.005715665500000008,0.0003429062729999998
62,0.04413351060000001,0.005380948164999996,0.00030826399900000124
63,0.04484534139999999,0.005125250459999994,0.0002983030915000005
64,0.045557172199999996,0.004854420480000003,0.00027132656900000045
65,0.04626900300000001,0.004479816174999991,0.0002553161604999998
66,0.04698083379999998,0.0041462711499999985,0.00023386991299999965
67,0.0476926647,0.0040059108149999995,0.00022055702249999982
68,0.04840449550000001,0.003880324614999993,0.0002153505995
69,0.049116326299999985,0.0037422593100000096,0.0002069117775000003
70,0.0498281571,0.0033799111600000126,0.00018228438549999955
71,0.050539987900000014,0.003071532059999993,0.00016604701099999942
72,0.05125181869999997,0.0028550174350000027,0.00014915745649999972
73,0.0519636495,0.002664287810000006,0.00014212472649999947
74,0.052675480400000016,0.002482725474999996,0.00013289893549999973
75,0.05338731119999999,0.002382786014999999,0.0001284597975000001
76,0.054099142,0.0019863029749999997,0.0001090772250000008
77,0.05481097280000001,0.001931745494999998,0.00010006401899999989
78,0.05552280359999998,0.0016928884349999979,8.891000800000017e-05
79,0.0562346344,0.0015170394549999869,7.812764799999946e-05
80,0.05694646530000001,0.0013126366150000082,6.917912899999986e-05
81,0.05765829610000004,0.0012420292750000075,6.550999950000018e-05
82,0.058370126900000006,0.0009805848149999907,4.924138949999996e-05
83,0.0590819577,0.0011616064100000087,6.020941899999993e-05
84,0.059793788499999966,0.0010449494300000042,5.1444248000000626e-05
85,0.060505619299999994,0.0009482608000000031,4.807473499999983e-05
86,0.06121745020000001,0.0007875759899999904,3.918266199999976e-05
87,0.06192928099999999,0.0007948034650000074,3.834730600000007e-05
88,0.06264111180000001,0.0008133508599999992,3.991480300000053e-05
89,0.06335294259999999,0.0005735521950000003,2.69865785000004e-05
90,0.06406477339999997,0.0005520567200000062,2.6688475000000243e-05
91,0.06477660419999999,0.0005456794149999999,2.600253250000027e-05
92,0.065488435,0.000362470795,1.6987142500000073e-05
93,0.06620026590000003,0.0003805025400000009,1.7768944499999733e-05
94,0.0669120967,0.00045000378999998647,2.0578512499999516e-05
95,0.06762392749999999,0.00025082136500000074,1.1737763999999495e-05
96,0.06833575830000001,0.00042770572000001145,1.921218150000058e-05
97,0.06904758909999999,0.0003848287550000107,1.7223494499999346e-05
98,0.06975941990000001,0.00010509581999999795,4.714507500000421e-06
99,0.07047125080000002,0.00017821590999999443,7.546902999999846e-06
100,0.0711830816,0.0002271745250000054,1.0411846499999537e-05
101,0.07189491239999997,0.0002403948450000054,1.0801827499999682e-05
102,0.07260674319999999,0.00011370555500000296,4.908697499999681e-06
103,0.07331857399999998,0.00024755680999999363,1.1217942499999701e-05
104,0.0740304048,0.0002570312899999941,1.0949921500000119e-05
105,0.07474223560000001,0.00028213072499998215,1.2399019000000101e-05
106,0.07545406650000001,0.0001417020549999981,6.529197000000207e-06
107,0.07616589730000003,0.00021996406999999496,9.283522000000204e-06
108,0.07687772809999999,0.00019683003999999144,8.280813500000051e-06
109,0.07758955889999998,0.00024352745000000287,1.0279305499999837e-05
110,0.0783013897,0.00027318853999998977,1.1752219000000065e-05
111,0.07901322050000001,0.00019149541499998562,8.048080499999761e-06
112,0.07972505140000001,0.0003359349650000065,1.4020736499999447e-05
113,0.08043688219999996,0.00027392790500001263,1.181539800000045e-05
114,0.08114871299999998,0.00024895085999999955,1.048053550000024e-05
115,0.08186054379999999,0.00024988535500000686,1.0612538500000138e-05
116,0.0825723746,0.0003427755200000049,1.4759443000000221e-05
117,0.08328420540000002,0.00041035391000000115,1.7116890999999655e-05
118,0.08399603630000002,0.00042024850999999863,1.747925949999998e-05
119,0.08470786710000006,0.0004304557450000024,1.748460799999964e-05
120,0.08541969789999998,0.0005106183499999917,2.0679465999999883e-05
121,0.08613152869999997,0.0004828824850000024,1.9277653499999827e-05
122,0.0868433595,0.00034055408499999995,1.3678897000000577e-05
123,0.08755519030000002,0.00042261180499998663,1.74520415000001e-05
124,0.08826702110000001,0.0005513143300000037,2.1304243000000098e-05
125,0.08897885199999996,0.0005575877799999865,2.2709742500000383e-05
126,0.08969068279999998,0.000649357465,2.5556134999999824e-05
127,0.09040251359999997,0.0006467845149999915,2.5467960000000005e-05
128,0.09111434439999999,0.0005896117600000111,2.3397644000000117e-05
129,0.09182617520000001,0.0006562898849999943,2.507276100000011e-05
130,0.09253800600000002,0.0007688385449999974,3.0014607500000257e-05
131,0.09324983690000004,0.0007833474499999993,2.9761084999999987e-05
132,0.09396166769999997,0.0008663062699999988,3.3779471000000344e-05
133,0.09467349849999997,0.0006452332700000105,2.4501296999999804e-05
134,0.0953853293,0.0009099637549999928,3.524410100000006e-05
135,0.09609716010000001,0.0008223432650000043,3.2727963000000245e-05
136,0.09680899090000003,0.000854017880000002,3.34676554999999e-05
137,0.09752082179999995,0.0008008733599999956,3.264283449999996e-05
138,0.09823265259999997,0.0009196110699999996,3.5630365000000096e-05
139,0.09894448339999998,0.001030520129999997,3.9514896500000146e-05
140,0.0996563142,0.0009573646050000037,3.684756149999993e-05
141,0.10036814499999999,0.0010787458149999901,4.0204457499999754e-05
142,0.10107997600000003,0.0010298085900000004,3.9135405999999717e-05
143,0.10179180699999994,0.0010442710949999934,3.866459099999969e-05
144,0.10250363700000005,0.0010291864349999888,3.837055449999976e-05
145,0.10321546799999996,0.0010797643199999957,4.027692850000009e-05
146,0.103927299,0.0011365643450000004,4.116397149999968e-05
147,0.10463913,0.0012077476999999906,4.458113150000004e-05
148,0.10535096100000003,0.0011992287200000007,4.309104649999991e-05
149,0.10606279199999995,0.0013547643749999908,4.899702849999973e-05
150,0.10677462200000003,0.0012176533249999982,4.475101749999949e-05
151,0.10748645299999997,0.0014216006849999963,5.0694134000000115e-05
152,0.108198284,0.0014548460949999897,5.204180350000011e-05
153,0.108910115,0.0013821538999999952,4.9190427499999764e-05
154,0.10962194600000001,0.0014055560050000027,4.996244549999992e-05
155,0.11033377600000002,0.0014866334449999893,5.25742455e-05
156,0.11104560699999995,0.001526784929999997,5.285079549999976e-05
157,0.111757438,0.0015229815250000014,5.349880749999994e-05
158,0.11246926900000001,0.0015416283749999996,5.31813935000004e-05
159,0.11318109999999999,0.0015742633050000038,5.494727650000005e-05
160,0.11389293100000004,0.0015694017150000017,5.432836399999982e-05
161,0.11460476100000001,0.001639571595,5.613625349999967e-05
162,0.11531659200000006,0.0016798589100000053,5.815075800000031e-05
163,0.11602842299999998,0.0017386537450000059,5.887565950000052e-05
164,0.11674025400000003,0.0016604843199999886,5.659042500000006e-05
165,0.11745208500000001,0.0016625093600000015,5.642461349999995e-05
166,0.11816391499999997,0.0016335455050000072,5.497849999999997e-05
167,0.11887574600000002,0.0016483844399999906,5.569510099999973e-05
168,0.11958757699999993,0.0018030925199999936,5.998486450000014e-05
169,0.12029940800000001,0.0017298510450000082,5.78685044999997e-05
170,0.12101123900000002,0.0018230778550000076,6.11542404999998e-05
171,0.121723069,0.0017719934000000118,5.833004200000015e-05
172,0.12243489999999999,0.0019072825149999972,6.32320734999998e-05
173,0.123146731,0.0019146642050000065,6.269437699999965e-05
174,0.12385856199999998,0.0018329700600000012,6.024805149999995e-05
175,0.12457039299999997,0.0019623220349999984,6.412614099999994e-05
176,0.12528222400000005,0.0018605447299999828,6.091465150000002e-05
177,0.125994054,0.001978175434999993,6.681557299999968e-05
178,0.12670588499999996,0.0019682939800000077,6.553241050000018e-05
179,0.12741771600000001,0.001953560780000002,6.593008699999994e-05
180,0.12812954699999995,0.001966818335000002,6.595006149999992e-05
181,0.128841378,0.00195886817500001,6.557813949999939e-05
182,0.12955320799999998,0.0020239833499999943,6.854213050000034e-05
183,0.13026503900000003,0.0019605739400000016,6.52675865000004e-05
184,0.13097687,0.0020005482249999956,6.727923950000008e-05
185,0.131688701,0.0019515849700000032,6.466740549999992e-05
186,0.132400532,0.0020836373400000066,6.901885449999996e-05
187,0.13311236299999998,0.0020590019099999968,6.909982150000017e-05
188,0.133824193,0.0019192258599999915,6.348670949999973e-05
189,0.134536024,0.002047815160000001,6.869849350000005e-05
190,0.13524785499999997,0.0019742453599999946,6.483854649999977e-05
191,0.13595968600000002,0.001994170259999997,6.556978500000025e-05
192,0.13667151699999996,0.00197897919499998,6.565760499999975e-05
193,0.13738334700000004,0.0020391449350000007,6.673953049999952e-05
194,0.13809517799999999,0.001965923749999994,6.48423730000001e-05
195,0.13880700900000004,0.0021175273399999944,6.956489099999973e-05
196,0.13951884,0.0020131533549999983,6.701263500000026e-05
197,0.140230671,0.0019938934050000023,6.71870254999997e-05
198,0.140942502,0.00211755638499999,7.026699900000038e-05
199,0.14165433199999994,0.002179202740000004,7.166002949999997e-05
200,0.14236616300000002,0.0020895696100000014,6.737688899999998e-05
201,0.14307799400000001,0.002168185969999993,6.976344449999999e-05
202,0.14378982499999995,0.0020981522250000106,6.77174140000002e-05
203,0.14450165600000003,0.0020943834700000025,6.675428599999997e-05
204,0.14521348599999997,0.002155160369999999,6.90282140000005e-05
205,0.14592531700000005,0.002112389260000007,6.669644899999993e-05
206,0.14663714799999997,0.002153912635000005,6.785757249999982e-05
207,0.14734897900000005,0.0020972090999999762,6.621944850000055e-05
208,0.14806081000000001,0.0021460174249999867,6.64854119999999e-05
209,0.14877263999999996,0.0020179181799999946,6.368344799999965e-05
210,0.14948447100000004,0.002117755230000004,6.506615499999994e-05
211,0.15019630199999995,0.002115548674999995,6.515397299999967e-05
212,0.15090813300000003,0.0020578506650000064,6.315956850000025e-05
213,0.151619964,0.0020666778250000226,6.283688450000008e-05
214,0.15233179499999996,0.002101500945000001,6.463311100000035e-05
215,0.153043625,0.0020203456099999947,6.082579150000012e-05
216,0.15375545599999996,0.0021293228850000068,6.508850750000018e-05
217,0.154467287,0.002051391229999998,6.215725550000003e-05
218,0.15517911799999998,0.0021014091799999995,6.270755949999989e-05
219,0.15589094899999992,0.002118079575000008,6.409822649999937e-05
220,0.156602779,0.0020436070700000017,6.039215699999963e-05
221,0.15731460999999994,0.002124911420000014,6.341624400000028e-05
222,0.15802644100000002,0.0021061913050000117,6.193618305000035e-05
223,0.15873827199999996,0.0021103267049999916,6.247464600000032e-05
224,0.15945010300000004,0.001993925590000001,5.9186789500000015e-05
225,0.160161934,0.002050353779999993,5.9973596150000516e-05
226,0.16087376400000006,0.001988873500000002,5.805348769999993e-05
227,0.161585595,0.002050254560000013,5.9677643100000287e-05
228,0.16229742599999997,0.001943440434999999,5.623267609999958e-05
229,0.16300925700000002,0.001989880099999987,5.817483675000005e-05
230,0.163721088,0.001928066859999994,5.5323918249999826e-05
231,0.16443291800000004,0.001918820279999997,5.614564040000024e-05
232,0.165144749,0.0018574646499999875,5.415506229999997e-05
233,0.16585657999999995,0.0019051068850000213,5.613972899999988e-05
234,0.16656841100000003,0.0018732334099999942,5.5429399499999556e-05
235,0.16728024199999994,0.001855197145000001,5.437171134999963e-05
236,0.16799207300000008,0.0018718517949999972,5.5787168499999394e-05
237,0.16870390299999996,0.0018833438200000219,5.518034574999997e-05
238,0.16941573400000007,0.0018151624249999887,5.4769748999999694e-05
239,0.170127565,0.0018231574350000002,5.551651800000013e-05
240,0.17083939599999998,0.0018319648249999973,5.52001979999999e-05
241,0.17155122700000003,0.0018003959999999958,5.4254500499999626e-05
242,0.17226305699999994,0.0017791895349999962,5.2665576e-05
243,0.17297488800000005,0.0017283395900000165,5.224529549999993e-05
244,0.173686719,0.0017060399700000103,5.1281000000000026e-05
245,0.17439854999999993,0.0017676481650000103,5.278614649999961e-05
246,0.17511038100000006,0.0016279659250000092,4.865477200000014e-05
247,0.17582221099999995,0.001676029005000003,5.005509599999964e-05
248,0.17653404200000006,0.001504635524999999,4.496474249999984e-05
249,0.17724587299999997,0.0017115617300000052,5.125221450000012e-05
250,0.1779577039999999,0.001695093889999999,5.027268095000002e-05
251,0.17866953500000002,0.0015949912250000017,4.753762199999974e-05
252,0.179381366,0.0015618327000000015,4.5862336950000266e-05
253,0.18009319600000004,0.0015931366199999908,4.623337425000004e-05
254,0.18080502699999992,0.0015317154649999928,4.441850554999993e-05
255,0.18151685800000006,0.0015405957499999984,4.400730605e-05
256,0.18222868899999997,0.001617103804999992,4.645682229999985e-05
257,0.18294051999999994,0.0016139438300000059,4.602438394999992e-05
258,0.18365235,0.0015490729449999935,4.4232056300000204e-05
259,0.18436418099999996,0.0016056644900000056,4.644420349999992e-05
260,0.18507601200000004,0.0015621242100000016,4.4659950700000014e-05
261,0.18578784299999998,0.0016162861800000025,4.601870779999992e-05
262,0.1864996739999999,0.0014954164399999942,4.217156684999991e-05
263,0.18721150500000003,0.0014545711749999954,4.119603385000013e-05
264,0.1879233349999999,0.0014414550249999963,4.024446094999989e-05
265,0.18863516600000005,0.0015450838849999926,4.299380620000049e-05
266,0.18934699699999993,0.0014180722399999984,3.9791564050000025e-05
267,0.19005882800000007,0.0014410336250000044,3.977511544999996e-05
268,0.19077065899999998,0.0013922330199999944,3.837649585000007e-05
269,0.19148248900000006,0.001349067269999997,3.707109204999996e-05
270,0.19219432,0.001370625345000001,3.72910462999997e-05
271,0.19290615099999997,0.0013980024049999942,3.816136864999962e-05
272,0.19361798200000005,0.001358839510000008,3.678542320000001e-05
273,0.194329813,0.001326082765000007,3.5799619750000004e-05
274,0.1950416439999999,0.0012596188100000086,3.394533040000007e-05
275,0.19575347399999998,0.001284510785000012,3.449719119999993e-05
276,0.19646530499999992,0.0012973251149999976,3.486193165000006e-05
277,0.19717713600000006,0.0012813996149999979,3.4003983949999826e-05
278,0.19788896699999994,0.0011997500950000003,3.221837259999999e-05
279,0.19860079800000008,0.0012671301000000135,3.3711406199999705e-05
280,0.19931262799999996,0.0011834141900000025,3.1339111199999966e-05
281,0.2000244589999999,0.0012007148400000056,3.212531360000006e-05
282,0.20073628999999998,0.0012237725899999982,3.240150934999994e-05
283,0.20144812099999995,0.001146002155000006,3.0337171549999647e-05
284,0.20215995200000006,0.0012072465450000056,3.1541225249999806e-05
285,0.20287178199999994,0.0010797637399999963,2.8431304899999765e-05
286,0.20358361300000008,0.0010626762999999956,2.796181834999992e-05
287,0.204295444,0.0011305900950000017,2.972597090000024e-05
288,0.2050072749999999,0.0010912432250000104,2.8659023849999664e-05
289,0.20571910600000004,0.0010217177800000005,2.6464229600000493e-05
290,0.20643093699999998,0.0010306126150000094,2.694688979999998e-05
291,0.20714276700000006,0.0010309406799999948,2.6797604850000226e-05
292,0.207854598,0.0010959220450000098,2.8411220300000243e-05
293,0.20856642900000008,0.000922783750000003,2.405348090000006e-05
294,0.20927826,0.0010131782549999968,2.6129603150000058e-05
295,0.20999009099999996,0.0009586463749999968,2.5210351199999974e-05
296,0.21070192100000001,0.000984404199999997,2.5506838100000325e-05
297,0.21141375199999995,0.0008938213800000136,2.3067201500000267e-05
298,0.21212558300000003,0.0009248561699999949,2.3981891250000192e-05
299,0.21283741399999995,0.0009282540350000063,2.3861005450000064e-05
300,0.21354924499999997,0.0008913058049999992,2.307206319999988e-05
301,0.21426107600000005,0.000852116609999988,2.222417565000013e-05
302,0.21497290599999994,0.0008529159999999952,2.1922323499999966e-05
303,0.21568473700000004,0.0008233970399999999,2.133825359999981e-05
304,0.216396568,0.000822606879999993,2.0811889749999726e-05
305,0.21710839899999987,0.0007626547449999938,1.950509605000005e-05
306,0.21782023,0.0007984043200000013,2.0265560899999945e-05
307,0.21853205999999994,0.0007947727499999988,2.017089034999991e-05
308,0.21924389100000002,0.000807733840000005,2.059074224999987e-05
309,0.21995572199999996,0.0007814881849999983,1.9521565150000032e-05
310,0.2206675530000001,0.0008354851350000012,2.1114104849999913e-05
311,0.22137938399999996,0.0007075566150000143,1.770618789999985e-05
312,0.22209121499999993,0.0007558539900000064,1.8951942200000436e-05
313,0.22280304499999998,0.0006673663849999997,1.6708715400000026e-05
314,0.223514876,0.0006859021750000027,1.679308904999977e-05
315,0.224226707,0.0006712766600000114,1.6811853950000053e-05
316,0.22493853800000002,0.0006296073699999932,1.555197009999983e-05
317,0.22565036899999993,0.0006711111349999854,1.6596468799999486e-05
318,0.226362199,0.0006134936950000017,1.529938180000012e-05
319,0.2270740299999999,0.0006534708399999964,1.6223549949999708e-05
320,0.22778586100000003,0.0005583952349999879,1.3860210900000025e-05
321,0.228497692,0.0005215318249999976,1.2866027349999918e-05
322,0.22920952300000005,0.0005204307449999945,1.291276325e-05
323,0.229921353,0.0005559544100000036,1.3838564750000195e-05
324,0.23063318400000013,0.0005892009600000081,1.4435101499999845e-05
325,0.23134501499999996,0.0005531021749999934,1.3679953850000018e-05
326,0.23205684599999996,0.0005126625549999944,1.2424592050000092e-05
327,0.23276867700000006,0.0005618927100000115,1.37736105499999e-05
328,0.23348050800000006,0.0004890993399999863,1.1986409799999995e-05
329,0.23419233800000003,0.0005468232200000131,1.335793479999986e-05
330,0.234904169,0.0004413440600000082,1.0948707199999832e-05
331,0.235616,0.0005124986150000024,1.2383439299999948e-05
332,0.23632783100000002,0.0004473742249999982,1.0766682199999777e-05
333,0.23703966199999998,0.0004885540150000173,1.163558970000006e-05
334,0.23775149200000004,0.00041078757500000174,9.753468049999948e-06
335,0.23846332300000003,0.00043612558499998844,1.0342764450000145e-05
336,0.23917515399999986,0.0004264781900000028,1.0099988900000149e-05
337,0.239886985,0.0004721494150000047,1.1216565450000173e-05
338,0.24059881600000002,0.00035960468500000065,8.575224699999958e-06
339,0.241310647,0.00037778579500000187,9.05557120000006e-06
340,0.24202247699999996,0.00044936990499999663,1.0724520650000043e-05
341,0.2427343080000001,0.00038760030999998585,9.31721504999984e-06
342,0.24344613899999992,0.0003734111850000055,8.864709999999794e-06
343,0.24415796999999992,0.0003834840999999839,8.977419749999914e-06
344,0.24486980100000005,0.00036710233500000106,8.624064849999981e-06
345,0.24558163100000002,0.00032369276500000127,7.518608699999996e-06
346,0.246293462,0.0003261784450000055,7.556320300000099e-06
347,0.24700529300000001,0.0002694537499999955,6.539320749999978e-06
348,0.24771712399999996,0.00035471165500000623,8.399584099999676e-06
349,0.24842895499999998,0.0002607185949999938,6.2405306500002e-06
350,0.2491407849999999,0.000315586829999992,7.538455399999796e-06
351,0.24985261600000003,0.0003079254500000031,7.2675866500001e-06
352,0.250564447,0.0003769067049999922,8.914973000000181e-06
353,0.251276278,0.0002526167150000008,5.916030349999981e-06
354,0.25198810899999996,0.0003727436299999984,8.743093400000049e-06
355,0.25269994,0.0002595943950000068,5.8263723500002335e-06
356,0.2534117699999999,0.00029296935499998483,6.839203949999813e-06
357,0.254123601,0.0002449322700000117,5.757878249999966e-06
358,0.25483543200000003,0.0003102664549999995,7.178900400000047e-06
359,0.2555472630000001,0.0003108456599999962,7.279541450000079e-06
360,0.2562590939999999,0.00023902777999999097,5.524639799999679e-06
361,0.256970924,0.00023600556500000952,5.565232199999915e-06
362,0.257682755,0.00021749677499999925,5.178872999999978e-06
363,0.258394586,0.00033448048500000355,7.832190350000236e-06
364,0.259106417,0.00023254379999999159,5.513192299999993e-06
365,0.2598182480000001,0.0002461015600000102,5.770500950000117e-06
366,0.2605300789999999,0.0001735751750000028,3.822399699999991e-06
367,0.2612419089999999,0.00022847410499999415,5.303839549999846e-06
368,0.26195374,0.0001854041000000084,4.1601982500000896e-06
369,0.26266557100000004,0.00023584127500000246,5.499582650000034e-06
370,0.263377402,0.00022429528500000212,5.011685999999939e-06
371,0.26408923300000003,0.00017218341500001288,4.020926400000093e-06
372,0.26480106300000006,0.00019706078500000834,4.31878029999997e-06
373,0.2655128940000001,0.00017699848999999657,3.925624150000022e-06
374,0.26622472499999994,0.00014641068500000076,3.3446506500002006e-06
375,0.26693655600000005,0.00018638878000001163,4.252638499999996e-06
376,0.26764838700000004,0.00020454636000000193,4.750334150000076e-06
377,0.2683602179999999,0.00018022698500001072,4.0228074999999275e-06
378,0.269072048,0.0001526273300000089,3.527612950000132e-06
379,0.2697838790000001,0.00015634791500000744,3.7225506999997646e-06
380,0.27049570999999994,0.00013717734499999606,3.1565084500003457e-06
381,0.27120754099999994,0.00017900891499998683,4.254513600000071e-06
382,0.27191937200000005,0.00014289834000000973,3.383359099999768e-06
383,0.272631202,0.0001242325199999894,2.7962791500002124e-06
384,0.273343033,0.00014117863500000272,3.310870200000024e-06
385,0.274054864,0.0001258260849999887,2.9924159000000415e-06
386,0.274766695,0.00019397112499999758,4.54866919999972e-06
387,0.275478526,0.00010869761999999367,2.6112744000001374e-06
389,0.276902187,0.00011747096999999845,2.839525650000013e-06
390,0.2776140180000001,0.00013767139499999692,3.2139326499999385e-06
392,0.27903768,0.00010689271999999445,2.6325835000000786e-06
398,0.28330866499999996,0.00011352110499999318,2.7862887500001033e-06
400,0.28473232600000004,0.00016056352499999038,3.963861499999867e-06
402,0.28615598800000003,0.00012744761500000507,2.9039903499996625e-06
403,0.286867819,0.00011292029999999259,2.728201350000168e-06
405,0.28829147999999993,0.00012352683999999892,2.8471689500000896e-06
423,0.301104435,0.00012374898999999856,2.85918855000007e-06
424,0.30181626600000006,0.00016306306000000992,4.317703450000174e-06
429,0.30537541999999995,0.00011099743499999593,2.5813516500001153e-06
442,0.31462922099999996,0.0001106231250000006,2.695764200000305e-06
464,0.330289498,0.00010335189000000577,2.8465050999998366e-06
488,0.347373438,0.00010682895000000553,3.058398799999653e-06
509,0.362321885,0.00010094282499999857,2.62877984999986e-06
524,0.37299934700000015,0.00012571564499999632,3.204066700000156e-06
538,0.3829649789999998,0.00010514989499999655,2.626823949999739e-06
557,0.39648976399999997,0.00011068164000000574,2.921091649999894e-06
562,0.4000489179999998,0.00010122582500001615,2.743760300000296e-06
583,0.41499736599999987,0.00014254044499999174,3.814029349999957e-06
584,0.415709196,0.00011282472000000154,2.8507736999997804e-06
588,0.41855652,0.00011564355000000942,3.004414400000128e-06
591,0.42069201200000006,0.00014651479500001063,3.6880949500000745e-06
603,0.4292339820000001,0.00010113691500000105,2.7762554499997103e-06
627,0.4463179210000002,0.00011502080499999068,2.907246950000072e-06
640,0.45557172200000007,0.00010198964500000157,2.504710549999984e-06
647,0.46055453800000007,0.00011483347499999241,2.8847033000000332e-06
660,0.469808338,0.00010492785999999948,2.5349186999998633e-06
667,0.47479115399999994,0.0001093989450000124,2.711625849999722e-06
672,0.4783503079999997,0.00010243507999999069,2.8026549500003665e-06
673,0.47906213899999994,0.00015125617999999647,3.9994400500004265e-06
684,0.48689227799999985,0.002126865450000001,0.0020189619899999983
690,0.49116326299999996,0.0001045472450000029,2.616300950000045e-06
700,0.49828157099999987,0.0001058727949999963,2.6900486500000065e-06
702,0.4997052330000001,0.0001036701199999962,2.6240826499999157e-06
705,0.5018407249999999,0.00011912409999999263,2.759737399999967e-06
711,0.5061117100000001,0.00011422266999999708,2.8206892000000794e-06
714,0.508247202,0.00010334638500000826,2.5178345499999102e-06
717,0.510382695,0.00012867329999999982,3.141241850000004e-06
724,0.515365511,0.00012871333000001595,3.1527049000002133e-06
734,0.5224838189999998,0.0001191034699999996,2.898501849999801e-06
753,0.5360086039999998,0.000125631584999987,3.2042227499999012e-06
790,0.5623463439999999,0.0001137651650000085,2.60498415000001e-06
817,0.5815657759999999,0.00010005793000000124,2.4495869000000243e-06
821,0.5844131000000002,0.00011062922499999878,2.692492000000088e-06
845,0.601497039,0.00012149414499999095,2.870486599999963e-06
846,0.60220887,0.0001028978249999965,2.400631549999855e-06
859,0.6114626710000001,0.00013839314499999866,3.4501289999999208e-06
860,0.6121745020000001,0.00010144815500000293,2.526017150000044e-06
873,0.621428302,0.00013299044500000162,3.3980304000000598e-06
877,0.6242756249999998,0.00013042538500000755,3.2701359000001165e-06
878,0.6249874559999999,0.00011135373000000642,2.7361016999999117e-06
881,0.6271229490000001,0.00012930803500000448,3.3764437999999264e-06
886,0.6306821029999999,0.00010615941000000073,2.877287449999655e-06
888,0.6321057640000001,0.00012162075499999592,3.3663235000002062e-06
894,0.636376749,0.00010830506499999448,2.4638210999998076e-06
895,0.6370885800000001,0.00014300823499999865,3.644700749999932e-06
900,0.640647734,0.00011281320500000636,2.6736014499999586e-06
901,0.641359565,0.00015784132499999104,3.7522813499999254e-06
902,0.6420713960000002,0.00014446962500000438,3.524596300000238e-06
909,0.6470542110000002,0.00015898202499999708,3.915416699999869e-06
911,0.6484778729999997,0.00016354811999999552,4.006525299999979e-06
913,0.6499015349999999,0.00010903322000000576,2.7088004499997145e-06
927,0.659867166,0.00013135775000000516,3.177712400000035e-06
932,0.6634263199999998,0.00012701595500000384,3.0827304500000282e-06
934,0.6648499819999999,0.00011451898499999225,2.5750414999999374e-06
935,0.665561813,0.00010955769500000517,2.6148057500000998e-06
936,0.6662736440000001,0.0001482012800000168,3.5560371500001353e-06
937,0.6669854740000001,0.00010399094500000705,2.5083242999999643e-06
944,0.6719682900000001,0.00012910842000000283,3.1696556500000273e-06
945,0.6726801209999996,0.00010905491500000364,2.5251999499999915e-06
948,0.6748156129999999,0.00010940661999999518,2.6373496000000945e-06
949,0.6755274440000001,0.00010781028999999609,2.4746004499999735e-06
953,0.6783747669999998,0.00011092372999998296,2.47260049999966e-06
955,0.679798429,0.00012132030500000557,2.9808929999999845e-06
956,0.68051026,0.00011074495999999906,2.7906499999999154e-06
957,0.6812220910000002,0.00010955438500000192,2.512295800000141e-06
958,0.6819339210000002,0.00010819707499998277,2.599166349999903e-06
962,0.684781245,0.00010487579500000066,2.519266500000108e-06
963,0.6854930760000001,0.0001724523550000051,4.271908000000411e-06
969,0.68976406,0.00011137450999999798,2.5730116000000037e-06
974,0.6933232149999999,0.00011340989499999954,2.749802349999832e-06
976,0.694746876,0.00022014185500000144,4.856730200000206e-06
980,0.6975941990000004,0.00013401109500000424,3.202390250000068e-06
983,0.699729692,0.00010344800500001333,2.3693041999998292e-06
987,0.7025770149999997,0.00012449474999999544,3.0833464999997784e-06
989,0.7040006769999999,0.00012294120000001102,2.9941643999999937e-06
990,0.704712508,0.0001376426350000043,3.280849750000219e-06
991,0.7054243380000002,0.0001255347350000019,3.07618755000013e-06
992,0.7061361690000003,0.00011336729499999282,2.7591917499999574e-06
994,0.7075598309999998,0.00012171994000000075,3.0507184000003965e-06
995,0.7082716619999998,0.00011042583499998315,2.7201646999998417e-06
998,0.7104071540000002,0.00015563453999999088,3.8115335499999117e-06
1000,0.7118308159999996,0.00015389513500000535,3.6561024499999744e-06
1001,0.7125426469999998,0.00017002753499999884,4.081296600000166e-06
1005,0.7153899700000003,0.00017119182499999996,3.958625499999972e-06
1007,0.7168136310000003,0.0001626893699999965,3.961104099999913e-06
1009,0.7182372929999997,0.00014709671000000257,3.3284998499998573e-06
1010,0.718949124,0.00011632032000000181,2.6196051499999175e-06
1011,0.719660955,0.00012423376000001568,3.0729416499999593e-06
1013,0.7210846160000002,0.00011019269499999707,2.5570193999998724e-06
1015,0.7225082779999998,0.00010254752499999631,2.405633249999775e-06
1016,0.7232201089999999,0.00013193880000000185,3.325382199999608e-06
1019,0.7253556010000002,0.00012517799500000315,2.9169623499998706e-06
1024,0.728914755,0.00011365125999999309,2.561899149999998e-06
1026,0.7303384170000002,0.00010194123499999291,2.4320202999999823e-06
1030,0.7331857399999998,0.00010895153499999866,2.417734199999951e-06
1031,0.733897571,0.0001225027299999945,2.8036160500000823e-06
1034,0.7360330630000003,0.00014023701500000263,3.286549450000169e-06
1035,0.7367448940000004,0.00011967213500000545,2.7409977000002975e-06
1038,0.738880387,0.00010705462499999152,2.611126200000014e-06
1042,0.7417277099999997,0.0001735391850000087,4.156024299999898e-06
1048,0.7459986950000004,0.00011334981500000368,2.807004300000096e-06
1049,0.7467105259999998,0.0001363281149999937,3.262039000000031e-06
1060,0.7545406650000003,0.00014817467499999432,3.7059590000001856e-06
1062,0.7559643260000003,0.00011790750500000058,3.024063350000176e-06
1077,0.7666417889999998,0.0001281516899999946,3.2230874000001124e-06
1081,0.7694891120000003,0.00016606420500000357,4.284017800000313e-06
1084,0.7716246039999999,0.00010330618499999888,2.7230189999999724e-06
1086,0.773048266,0.00011564861499999135,3.0171395e-06
1089,0.7751837580000003,0.00011258940000000162,3.0962789999999275e-06
1092,0.7773192509999999,0.00014348467499999268,3.820357500000171e-06
1096,0.7801665740000003,0.00011667703499999849,3.519990999999731e-06
1100,0.783013897,0.00010240945500000764,3.065003000000217e-06
1109,0.7894203750000002,0.00010244235000000934,2.849153499999901e-06
1110,0.7901322050000004,0.0001492981650000058,3.97750849999998e-06
1112,0.7915558669999998,0.00012369446499999742,3.2784254999998225e-06
1119,0.7965386829999997,0.00011004407499998897,3.07210450000003e-06
1130,0.8043688220000004,0.00011381937500001132,2.78163299999995e-06
1131,0.8050806529999995,0.00010294013500000698,2.7714979999996815e-06
1143,0.8136226220000002,0.00010518857499998424,2.6590899999995483e-06
1150,0.8186054380000002,0.00013311047000000298,3.434689499999923e-06
1151,0.8193172690000005,0.00017619298499999686,4.6333714999997975e-06
1153,0.8207409309999998,0.00010317446499999439,2.942516000000025e-06
1161,0.826435577,0.0001053784100000163,2.824673499999923e-06
1165,0.8292829000000005,0.00015690042000000154,4.121587999999761e-06
1169,0.8321302239999999,0.00013270750000000248,3.581208999999929e-06
1170,0.8328420540000001,0.00014058641000000427,3.9189269999998725e-06
1176,0.8371130390000001,0.00011294791500000151,2.901065499999987e-06
1179,0.8392485319999997,0.00010355197999999816,2.3674474999998106e-06
1182,0.8413840240000001,0.00014801830499999724,3.604507000000076e-06
1185,0.8435195170000004,0.0001069679300000001,2.871689000000059e-06
1192,0.8485023320000001,0.00013254830000000023,3.416512000000132e-06
1198,0.8527733170000003,0.00014658788500001435,3.823517500000121e-06
1199,0.8534851480000004,0.00010917736999999789,3.0846205000001087e-06
1201,0.8549088099999997,0.0001190712950000089,3.2226719999999074e-06
1212,0.8627389490000003,0.00012250455500000673,3.134108500000123e-06
1237,0.8805347190000001,0.00010337994000000211,2.5974235000002753e-06
1242,0.884093873,0.00013331035999999963,3.601715999999736e-06
1252,0.891212181,0.00010037404499999708,2.8156029999999548e-06
1261,0.8976186590000003,0.00016436084999999628,4.298108500000019e-06
1263,0.8990423199999997,0.00011202341999998894,2.881902499999797e-06
1267,0.9018896440000003,0.00015958607000000208,4.059234499999981e-06
1274,0.906872459,0.00012651661000000203,3.408606999999843e-06
1276,0.9082961209999997,0.0002690076550000073,0.00019219790749999991
1281,0.9118552750000003,0.00010615010000000064,2.723506500000193e-06
1286,0.9154144289999998,0.0001026748099999808,2.807191999999953e-06
1288,0.9168380910000001,0.00013047187999999654,3.3087899999999226e-06
1298,0.923956399,0.00011898422500000727,3.4275675000001917e-06
1319,0.938904846,0.0001318088649999924,4.323685500000601e-06
1325,0.9431758309999999,0.00010961477000000219,3.4168719999999944e-06
1326,0.9438876620000002,0.00011200076000000836,3.4899419999998883e-06
1327,0.9445994920000004,0.00020059227499999444,7.23139100000051e-06
1328,0.945311323,0.00015586035999998193,5.318075000000167e-06
1332,0.9481586469999999,0.00015758261999999218,5.703676500000247e-06
1341,0.9545651239999998,0.00012915524500000525,5.079135999999955e-06
1342,0.9552769550000001,0.00011047696999999523,4.2757260000005504e-06
1350,0.9609716010000003,0.00010788298499998794,4.087738499999926e-06
1358,0.9666662479999996,0.00016626427000000776,6.479615000000135e-06
1360,0.9680899089999999,0.00012246051000000535,4.772669000000038e-06
1364,0.9709372330000005,0.00019874552000000156,8.295804499999782e-06
1365,0.9716490629999999,0.0001255626250000058,5.001319000000597e-06
1366,0.972360894,0.00015004419499999033,6.022616500000631e-06
1369,0.974496387,0.00017741837000001537,6.981309499999935e-06
1370,0.975208218,0.00016438289499999537,6.882354999999821e-06
1376,0.979479202,0.00019200223500000918,8.033552499999482e-06
1377,0.9801910330000002,0.00019780623499999345,8.386062500000601e-06
1379,0.981614695,0.00010325062499998844,4.0265545000002425e-06
1380,0.9823265259999999,0.00011011064499999446,4.83334500000045e-06
1383,0.984462018,0.00011368640000000013,4.1592654999999135e-06
1385,0.9858856799999994,0.00019861405500001122,8.54895649999958e-06
1388,0.9880211720000001,0.00015806900999999762,6.522574999999779e-06
1389,0.9887330029999999,0.00023679867999999715,1.021720750000012e-05
1390,0.9894448340000002,0.00015245044000000013,6.380373500000083e-06
1392,0.9908684950000005,0.00020927363500000684,8.943442499999505e-06
1394,0.992292157,0.00010397209500000865,4.5570769999999945e-06
1395,0.9930039880000002,0.00011449088999999218,4.760640000000833e-06
1400,0.9965631419999997,0.00010090672000000883,4.426173999999821e-06
1404,0.9994104650000002,0.0001542920650000057,6.3022790000001e-06
1405,1.0001223,0.00010065036499997543,4.510404500000006e-06
1406,1.00083413,0.00016835641000000068,7.319896000000312e-06
1407,1.00154596,0.00010199810000000725,4.104211500000239e-06
1408,1.0022577900000003,0.00010352668999998732,4.0527754999989014e-06
1409,1.0029696200000005,0.00015098904500000093,6.69995800000071e-06
1413,1.00581694,0.0001621055099999963,7.160948000000094e-06
1420,1.01079976,0.00012252561499998676,5.7915115000005575e-06
1421,1.01151159,0.00019251493499999883,9.087376999999865e-06
1422,1.0122234200000002,0.00013410116000000388,5.926552500000459e-06
1426,1.01507074,0.00016246632999999955,7.52940049999996e-06
1430,1.0179180700000001,0.0001366063500000056,5.98663249999935e-06
1433,1.0200535600000005,0.00011952468000001049,5.1597444999992165e-06
1440,1.02503637,0.00029783155999999616,1.4063816000000565e-05
1441,1.02574821,0.00014165961999999116,6.844740999999849e-06
1443,1.02717187,0.00019377595000000247,9.370603999999186e-06
1444,1.0278837,0.00019629001500000992,9.339152999999958e-06
1445,1.0285955300000003,0.00016253701999999204,8.321947499998969e-06
1450,1.03215468,0.00010250704500001234,5.32597550000069e-06
1452,1.0335783399999996,0.00010188688500000626,5.033454499999042e-06
1454,1.0350020099999997,0.000144638390000007,6.917940999999223e-06
1461,1.0399848200000004,0.0001461361349999954,7.2186315000014045e-06
1464,1.04212031,0.00013831534999999423,7.096188499999736e-06
1466,1.0435439799999995,0.00012141158500000859,7.108450499999312e-06
1469,1.0456794699999998,0.00012906689500001567,6.934089000000185e-06
1473,1.0485267900000002,0.00022349291999999854,1.2159667000001106e-05
1476,1.0506622800000005,0.00021986406000001207,1.0635387999998608e-05
1478,1.05208595,0.00016934313500000658,8.536461500000501e-06
1483,1.0556450999999998,0.00018891675500000427,1.0165496499999881e-05
1489,1.0599160800000003,0.0001543648900000083,9.218443499999385e-06
1491,1.0613397499999997,0.0002207201050000024,1.2298874499999321e-05
1495,1.0641870699999996,0.00014849006999999304,9.458424500000204e-06
1496,1.0648988999999998,0.00023773003999999487,1.3704782999999707e-05
1497,1.0656107299999997,0.00013940368999998398,8.006652999999198e-06
1499,1.06703439,0.00017131345499999534,9.613305500000193e-06
1501,1.06845805,0.00020463008500000435,1.109104000000024e-05
1503,1.0698817200000001,0.0001321288049999994,8.033868499999954e-06
1504,1.0705935499999994,0.00016927504999998677,9.87568899999975e-06
1507,1.07272904,0.00012644585999998376,6.68241849999902e-06
1509,1.0741526999999995,0.0001350341199999952,8.702301500000502e-06
1511,1.0755763599999997,0.00022406184999999856,1.2154917499999918e-05
1515,1.07842369,0.00019972960500001108,1.0517214999999393e-05
1516,1.07913552,0.00011674627500000978,7.231735999999999e-06
1517,1.07984735,0.00024117016499999866,1.3791891499999667e-05
1519,1.0812710100000005,0.0002486939350000092,1.5093418500000157e-05
1530,1.08910115,0.0002369071300000053,1.4841274500000234e-05
1535,1.0926603,0.00016730529000000272,1.1571657000000561e-05
1538,1.0947957899999996,0.00015088961500000359,1.1442476000000229e-05
1539,1.09550763,0.00016316221999999186,1.3220680999999866e-05
1540,1.0962194600000001,0.0003254028450000099,2.449581700000045e-05
1545,1.09977861,0.000467321975000011,3.9011702500000266e-05
1547,1.1012022700000004,0.0003895595700000032,3.166293200000149e-05
1548,1.1019140999999997,0.00022442222000000622,1.8596490500000055e-05
1549,1.1026259299999999,0.00019367399999999785,1.7074358999999602e-05
1552,1.10476143,0.0001365952150000141,1.355901450000082e-05
1553,1.10547326,0.00010631631999999391,1.0431517499999432e-05
1554,1.10618509,0.0003956286799999889,4.225325599999975e-05
1556,1.1076087500000003,0.00018847469999999644,2.1584716500000663e-05
1559,1.10974424,0.00012327851499999154,1.5013304500002822e-05
1563,1.1125915599999998,0.0008353045649999932,0.00041758818000000447
